commune,year,total_budget,digital_budget,outsourcing_budget,personnel_budget,digital_ratio,outsourcing_ratio,personnel_ratio
Augsburg,2020,1100000.0,700000.0,100000.0,0.0,0.6363636363636364,0.09090909090909091,0.0
Augsburg,2021,1320000.0,850000.0,120000.0,0.0,0.6439393939393939,0.09090909090909091,0.0
Munich,2020,1800000.0,1100000.0,200000.0,0.0,0.6111111111111112,0.1111111111111111,0.0
